Metric,Value
MAE,1.721978021978022
MSE,3.002747252747253
RMSE,1.7328436896463724
